player_id,team,opp,pos,name,firstname,lastname,fpts,proj_own,noto_rtg,ceil,floor,min_exposure,max_exposure,salary,custom,rg_id,partner_id
907,,,G,Arjun Atwal,Arjun,Atwal,,0,29.02,,,0,0,6700,,35074,907
1496,,,G,Scottie Scheffler,Scottie,Scheffler,75.07,16,80.51,98.07,33.98,0,0,9700,,35127,1496
2024,,,G,Max Homa,Max,Homa,68.59,24.4,79.47,93.76,30.51,0,0,9100,,36137,2024
2145,,,G,Chesson Hadley,Chesson,Hadley,,0,27.39,,,0,0,6200,,34879,2145
2046,,,G,Jason Dufner,Jason,Dufner,41.93,0.8,25.8,70.4,23.88,0,0,6100,,34756,2046
1760,,,G,Tom Hoge,Tom,Hoge,52.13,8.6,52.82,80.38,27.15,0,0,7000,,34888,1760
300102,,,G,Collin Morikawa,Collin,Morikawa,,0,92.87,,,0,0,10700,,36083,300102
1562,,,G,Curtis Thompson,Curtis,Thompson,,0,35.8,,,0,0,6500,,2959180,1562
1112,,,G,Robert Streb,Robert,Streb,,0,55.18,,,0,0,7800,,34814,1112
2168,,,G,Kevin Tway,Kevin,Tway,37.99,1.4,25.98,63.68,22.54,0,0,6200,,35139,2168
1179,,,G,Brandon Hagy,Brandon,Hagy,,0,39.29,,,0,0,6600,,36079,1179
2026,,,G,Bo Van Pelt,Bo,Van Pelt,,0,28.69,,,0,0,6100,,1303898,2026
2158,,,G,Lucas Glover,Lucas,Glover,51.1,4.8,53.04,80.2,26.31,0,0,7400,,34876,2158
696566,,,G,Brandon Wu,Brandon,B.Wu,,0,46.08,,,0,0,6900,,1074861,696566
1883,,,G,Danny Lee,Danny,Lee,38.84,0.9,33.72,64.92,21.18,0,0,6400,,34784,1883
1663,,,G,Chez Reavie,Chez,Reavie,,0,53.04,,,0,0,7400,,34927,1663
1455,,,G,Ryan Armour,Ryan,Armour,49.02,0.7,35.29,72.52,25.18,0,0,6200,,36068,1455
1356,,,G,Tyrrell Hatton,Tyrrell,Hatton,65.78,10.2,68.45,90.62,29.92,0,0,8800,,35279,1356
1477,,,G,Sung Kang,Sung,Kang,,0,30.76,,,0,0,6500,,34893,1477
404847,,,G,Sahith Theegala,Sahith,Theegala,52.44,11.2,51.39,81.75,27.27,0,0,7500,,37149,404847
2016,,,G,Scott Brown,Scott,Brown,,0,51.27,,,0,0,7600,,34856,2016
670464,,,G,Robert Macintyre,Robert,Macintyre,65.58,12,63.46,90.4,30.13,0,0,8000,,1156742,670464
670398,,,G,Greyson Sigg,Greyson,Sigg,,0,61.51,,,0,0,8300,,37979,670398
1950,,,G,D.A. Points,D.A.,Points,,0,25.29,,,0,0,6000,,34991,1950
1961,,,G,Scott Stallings,Scott,Stallings,50.98,7.2,50.54,80.11,26.51,0,0,7200,,34999,1961
1741,,,G,Dawie Van der Walt,Dawie,Van der Walt,45.43,0.6,19.97,75.79,25.27,0,0,6000,,34946,1741
1631,,,G,Charley Hoffman,Charley,Hoffman,48.65,2.9,45,76.7,25.55,0,0,7000,,34766,1631
1411,,,G,Nick Hardy,Nick,Hardy,46.96,2.9,35.8,77.5,25.51,0,0,6500,,35104,1411
74908,,,G,Wesley Bryan,Wesley,Bryan,,0,31.93,,,0,0,6300,,35076,74908
1698,,,G,Henrik Norlander,Henrik,Norlander,,0,62.78,,,0,0,7500,,34917,1698
1115,,,G,Nick Watney,Nick,Watney,,0,45,,,0,0,7000,,36095,1115
299952,,,G,Brett Drewitt,Brett,Drewitt,,0,19.97,,,0,0,6000,,36074,299952
288611,,,G,Paul Barjon,Paul,Barjon,,0,52.82,,,0,0,7000,,912552,288611
698823,,,G,Vince Whaley,Vince,Whaley,,0,45.33,,,0,0,6700,,1266432,698823
2128,,,G,Camilo Villegas,Camilo,Villegas,,0,31.99,,,0,0,6400,,34948,2128
670620,,,G,Sungjae Im,Sungjae,Im,64.52,18.8,63.2,87.01,29.53,0,0,8700,,382250,670620
692004,,,G,Hank Lebioda,Hank,Lebioda,,0,46.21,,,0,0,6800,,565462,692004
1941,,,G,Matthew NeSmith,Matthew,NeSmith,51.88,16.5,56.05,81.77,26.75,0,0,7400,,35080,1941
1842,,,G,Tyler Duncan,Tyler,Duncan,45.24,9.4,42.4,76.04,25.5,0,0,7100,,37911,1842
1622,,,G,Joel Dahmen,Joel,Dahmen,46.81,5.8,52.13,76.68,25.37,0,0,7300,,36136,1622
1655,,,G,James Hahn,James,Hahn,46.7,1.7,40.74,77.25,25.5,0,0,6700,,34881,1655
1314,,,G,Graeme McDowell,Graeme,McDowell,,0,61.15,,,0,0,8600,,34792,1314
1216,,,G,Russell Knox,Russell,Knox,52.04,7,57.41,81.34,26.54,0,0,7500,,34778,1216
1579,,,G,Will Zalatoris,Will,Zalatoris,63.78,16.3,71.46,90.47,29.14,0,0,8900,,35055,1579
1018,,,G,Denny McCarthy,Denny,McCarthy,46.94,3.7,47.45,76.35,25.16,0,0,7200,,35117,1018
670533,,,G,Garrick Higgo,Garrick,Higgo,,0,44.34,,,0,0,7300,,2879219,670533
692005,,,G,Adam Long,Adam,Long,,0,43.86,,,0,0,6800,,565464,692005
1832,,,G,Brice Garnett,Brice,Garnett,,0,50.54,,,0,0,7200,,34968,1832
671028,,,G,Mito Pereira,Mito,Pereira,,0,82.48,,,0,0,9200,,278841,671028
1799,,,G,Adam Hadwin,Adam,Hadwin,58.82,15.8,67.35,85.74,28.36,0,0,8000,,34880,1799
1689,,,G,Beau Hossler,Beau,Hossler,,0,51.39,,,0,0,7500,,36293,1689
1107,,,G,Brian Stuard,Brian,Stuard,,0,57.41,,,0,0,7500,,35002,1107
2119,,,G,Chad Ramey,Chad,Ramey,41.33,1.1,38.04,71.86,23.77,0,0,6500,,3083529,2119
1932,,,G,Michael Kim,Michael,Kim,,0,28.09,,,0,0,6300,,34897,1932
1833,,,G,Kyle Stanley,Kyle,Stanley,45.77,1.4,31.99,76.03,25,0,0,6400,,34934,1833
1514,,,G,Trey Mullinax,Trey,Mullinax,46.88,2.2,31.93,76.66,25.54,0,0,6300,,36084,1514
1657,,,G,Robert Garrigus,Robert,Garrigus,44.28,1.1,29.28,68.84,23.7,0,0,6100,,34969,1657
670403,,,G,Andrew Novak,Andrew,Novak,45.63,2.4,38.65,76.05,25.27,0,0,6600,,37983,670403
690049,,,G,Viktor Hovland,Viktor,Hovland,76.3,27.7,92.87,98.3,33.27,0,0,10700,,658704,690049
692007,,,G,Seth Reeves,Seth,Reeves,44.05,1,33.96,74.79,24.5,0,0,6200,,565466,692007
1713,,,G,Chase Seiffert,Chase,Seiffert,51.65,4.2,46.21,80.81,26.51,0,0,6800,,37223,1713
671019,,,G,Joshua Creel,Joshua,Creel,,0,38.04,,,0,0,6500,,241191,671019
190,,,G,Harold Varner III,Harold,Varner,61.38,19,74.87,88.05,29.03,0,0,9000,,34947,190
1625,,,G,Davis Riley,Davis,Riley,,0,71.46,,,0,0,8900,,1000174,1625
1438,,,G,Brendon Todd,Brendon,Todd,,0,68.03,,,0,0,8200,,34943,1438
1449,,,G,Cameron Tringale,Cameron,Tringale,52.47,11.4,57.91,81.11,26.65,0,0,7800,,35004,1449
165746,,,G,Taylor Moore,Taylor,Moore,,0,56.05,,,0,0,7400,,35323,165746
692426,,,G,Hayden Buckley,Hayden,Buckley,,0,53.58,,,0,0,7000,,1694130,692426
1912,,,G,Sean O'Hair,Sean,O'Hair,,0,34.07,,,0,0,6900,,34918,1912
1956,,,G,Austin Cook,Austin,Cook,,0,25.8,,,0,0,6100,,37956,1956
1725,,,G,Billy Horschel,Billy,Horschel,,0,85.97,,,0,0,10000,,34768,1725
185304,,,G,Seamus Power,Seamus,Power,57.4,9.4,61.15,81.95,26.79,0,0,8600,,35404,185304
670625,,,G,Doug Ghim,Doug,Ghim,,0,63.62,,,0,0,7700,,201095,670625
477949,,,G,Austin Smotherman,Austin,Smotherman,45.87,5.1,41.58,76.16,25.04,0,0,7100,,3083528,477949
1902,,,G,David Skinns,David,Skinns,,0,34.15,,,0,0,6100,,37984,1902
1979,,,G,Kelly Kraft,Kelly,Kraft,,0,25.98,,,0,0,6200,,34901,1979
1429,,,G,Jay Haas,Jay,Haas,,0,20.72,,,0,0,6000,,3466012,1429
1209,,,G,Jason Scrivener,Jason,Scrivener,,0,51.52,,,0,0,7600,,36698,1209
353925,,,G,Aaron Rai,Aaron,Rai,57.62,10.2,54.84,85.27,28.01,0,0,7400,,37143,353925
1914,,,G,Maverick McNealy,Maverick,McNealy,56.97,24.3,64.09,84.83,27.58,0,0,7700,,37136,1914
193,,,G,Charl Schwartzel,Charl,Schwartzel,,0,54.4,,,0,0,7900,,34806,193
1408,,,G,Patrick Cantlay,Patrick,Cantlay,85.27,22.6,93.74,105.78,57.02,0,0,10400,,36297,1408
670627,,,G,Doc Redman,Doc,Redman,,0,47.53,,,0,0,7100,,139893,670627
63191,,,G,Matt Wallace,Matt,Wallace,,0,51.9,,,0,0,7200,,37151,63191
1409,,,G,Troy Merritt,Troy,Merritt,52.4,9.2,55.18,81.42,26.58,0,0,7800,,34794,1409
430916,,,G,Matthias Schwab,Matthias,Schwab,63.69,11.7,63.62,89.38,29.35,0,0,7700,,36546,430916
1927,,,G,Martin Laird,Martin,Laird,,0,63.46,,,0,0,8000,,35040,1927
299906,,,G,Ryan Brehm,Ryan,Brehm,,0,42.33,,,0,0,6600,,36071,299906
692607,,,G,Lee Hodges,Lee,Hodges,46.72,3.1,45.33,77.03,25.54,0,0,6700,,672519,692607
1807,,,G,Scott Gutschewski,Scott,Gutschewski,45.55,0.2,25.29,68.45,24.02,0,0,6000,,3083535,1807
1939,,,G,Sam Horsfield,Sam,Horsfield,63.85,4.3,51.9,88.64,29.5,0,0,7200,,35106,1939
703290,,,G,Jared Wolfe,Jared,Wolfe,,0,33.96,,,0,0,6200,,3083530,703290
780,,,G,Sergio Garcia,Sergio,Garcia,,0,80.54,,,0,0,9400,,34761,780
1907,,,G,Ben Kohles,Ben,Kohles,,0,47.45,,,0,0,7200,,37131,1907
142,,,G,Marc Leishman,Marc,Leishman,,0,84.92,,,0,0,10200,,34785,142
395,,,G,Shane Lowry,Shane,Lowry,68.77,10.6,79.98,93.11,30.57,0,0,9500,,34788,395
392408,,,G,Jim Knous,Jim,Knous,40.41,0.3,23.19,64.19,23.17,0,0,6000,,565461,392408
199,,,G,Danny Willett,Danny,Willett,,0,68.45,,,0,0,8800,,34824,199
871,,,G,Tommy Fleetwood,Tommy,Fleetwood,71.25,14.2,80.54,96,31.5,0,0,9400,,35276,871
453,,,G,Christiaan Bezuidenhout,Christiaan,Bezuidenhout,58.34,7.9,54.4,84.58,27.73,0,0,7900,,1156736,453
509671,,,G,Joaquin Niemann,Joaquin,Niemann,71.83,21.5,82.48,95.66,31.57,0,0,9200,,37138,509671
586,,,G,David Lipsky,David,Lipsky,,0,54.84,,,0,0,7400,,36524,586
113,,,G,Lucas Herbert,Lucas,Herbert,47.89,0.9,29.02,78.05,25.54,0,0,6700,,382245,113
73285,,,G,Sepp Straka,Sepp,Straka,52.46,10.4,61.51,81.77,26.75,0,0,8300,,565467,73285
620,,,G,Seung-Yul Noh,Seung-Yul,Noh,34.81,0.2,28.09,55.97,21.78,0,0,6300,,34916,620
400,,,G,Brandt Snedeker,Brandt,Snedeker,,0,58.14,,,0,0,7900,,34811,400
411,,,G,Bubba Watson,Bubba,Watson,,0,74.87,,,0,0,9000,,34820,411
895,,,G,Kevin Kisner,Kevin,Kisner,50.02,7.8,51.27,79.79,26.51,0,0,7600,,34776,895
610,,,G,Emiliano Grillo,Emiliano,Grillo,51.85,6.6,44.44,81.25,26.75,0,0,7300,,34764,610
984,,,G,Rafa Cabrera Bello,Rafa,Cabrera Bello,,0,44.44,,,0,0,7300,,34746,984
732,,,G,Sang-Moon Bae,Sang-Moon,Bae,,0,33.72,,,0,0,6400,,35243,732
655,,,G,Kiradech Aphibarnrat,Kiradech,Aphibarnrat,,0,33.07,,,0,0,6800,,34740,655
329671,,,G,Kurt Kitayama,Kurt,Kitayama,51.04,1.6,33.07,80.03,26.65,0,0,6800,,36560,329671
688,,,G,Henrik Stenson,Henrik,Stenson,,0,60.03,,,0,0,8100,,34813,688
468,,,G,Ryan Palmer,Ryan,Palmer,,0,80.51,,,0,0,9700,,34924,468
648099,,,G,Adam Schenk,Adam,Schenk,,0,42.4,,,0,0,7100,,37919,648099
689,,,G,Adam Svensson,Adam,Svensson,,0,67.35,,,0,0,8000,,466731,689
1070,,,G,John Huh,John,Huh,45.94,1.8,30.76,73.5,25.25,0,0,6500,,34976,1070
2170,,,G,Chris Kirk,Chris,Kirk,62.17,11.6,68.03,87.91,28.93,0,0,8200,,34775,2170
789,,,G,Richy Werenski,Richy,Werenski,,0,37,,,0,0,6900,,36096,789
509666,,,G,Alex Smalley,Alex,Smalley,48.59,11.4,53.58,78.81,26.01,0,0,7000,,37147,509666
614,,,G,Scott Piercy,Scott,Piercy,45.36,1.2,34.07,75.81,25.01,0,0,6900,,34801,614
856,,,G,Patton Kizzire,Patton,Kizzire,54.07,10.7,59.63,82.37,27.36,0,0,8400,,34898,856
625,,,G,Justin Rose,Justin,Rose,53.33,6.9,60.03,81.52,26.65,0,0,8100,,34804,625
867,,,G,Alex Noren,Alex,Noren,59.92,9.6,62.78,84.76,28.82,0,0,7500,,35121,867
515,,,G,Jonathan Byrd,Jonathan,Byrd,41.34,0.8,27.39,71.01,23.84,0,0,6200,,35030,515
2050,,,G,Tommy Gainey,Tommy,Gainey,,0,29.28,,,0,0,6100,,34874,2050
218,,,G,Peter Uihlein,Peter,Uihlein,45.06,2.2,37,75.53,25.01,0,0,6900,,36567,218
956,,,G,Branden Grace,Branden,Grace,49.35,0,44.34,79.33,26.25,0,0,7300,,34763,956
549,,,G,Brendan Steele,Brendan,Steele,,0,72.43,,,0,0,8500,,34935,549
427014,,,G,Keith Mitchell,Keith,Mitchell,56.73,6.8,58.14,83.74,28.08,0,0,7900,,37916,427014
1480,,,G,Martin Trainer,Martin,Trainer,,0,23.19,,,0,0,6000,,565470,1480
300174,,,G,J.T. Poston,J.T.,Poston,,0,59.63,,,0,0,8400,,36088,300174
946,,,G,Bo Hoag,Bo,Hoag,47.79,0,43.86,78.5,25.5,0,0,6800,,1266429,946
1271,,,G,Kevin Chappell,Kevin,Chappell,,0,40.74,,,0,0,6700,,34861,1271
1062,,,G,Byeong Hun An,Byeong,Hun,,0,63.2,,,0,0,8700,,34739,1062
1194,,,G,Cameron Smith,Cameron,Smith,72.64,15.2,84.92,96.4,32.41,0,0,10200,,34810,1194
308,,,G,Ian Poulter,Ian,Poulter,,0,79.98,,,0,0,9500,,34802,308
509669,,,G,Sam Ryder,Sam,Ryder,47.3,8.2,47.53,77.76,25.71,0,0,7100,,37145,509669
902,,,G,Xander Schauffele,Xander,Schauffele,,0,93.74,,,0,0,10400,,36091,902
804,,,G,Keegan Bradley,Keegan,Bradley,63.72,0,72.43,90.06,29.08,0,0,8500,,34744,804
815,,,G,Jason Day,Jason,Day,61.59,4.6,51.52,88.29,29.01,0,0,7600,,34752,815
1492,,,G,Jim Herman,Jim,Herman,,0,36.54,,,0,0,6400,,34829,1492
304410,,,G,Joseph Bramlett,Joseph,Bramlett,,0,64.09,,,0,0,7700,,1074847,304410
1063,,,G,Michael Gligic,Michael,Gligic,,0,35.29,,,0,0,6200,,469112,1063
703985,,,G,Max McGreevy,Max,McGreevy,,0,38.65,,,0,0,6600,,3083533,703985
1141,,,G,Patrick Rodgers,Patrick,Rodgers,47.32,1.1,46.08,76.88,25.16,0,0,6900,,34996,1141
1163,,,G,Vaughn Taylor,Vaughn,Taylor,46.34,1.8,36.54,75.71,25.27,0,0,6400,,34817,1163
2010,,,G,Cameron Percy,Cameron,Percy,44.29,1,39.29,74.79,24.46,0,0,6600,,34989,2010
1174,,,G,Bill Haas,Bill,Haas,36.29,0.1,20.72,61.83,20.38,0,0,6000,,34765,1174
1295,,,G,Justin Lower,Justin,Lower,,0,35.18,,,0,0,6300,,3083531,1295
2065,,,G,Ben Martin,Ben,Martin,45.09,0.9,28.69,76.27,24.75,0,0,6100,,34910,2065
523168,,,G,Wyndham Clark,Wyndham,Clark,,0,57.91,,,0,0,7800,,37183,523168
698025,,,G,Harry Higgs,Harry,Higgs,,0,41.58,,,0,0,7100,,1266428,698025
729,,,G,Talor Gooch,Talor,Gooch,,0,79.47,,,0,0,9100,,37126,729
2044,,,G,Stephan Jaeger,Stephan,Jaeger,,0,52.13,,,0,0,7300,,37129,2044
699433,,,G,Dylan Wu,Dylan,Wu,42.28,1.2,35.18,66.02,23.47,0,0,6300,,1327333,699433
1154,,,G,Sam Burns,Sam,Burns,73.74,18.5,85.97,97.09,32.07,0,0,10000,,35095,1154
2056,,,G,Mark Hubbard,Mark,Hubbard,47.06,4.8,42.33,70.63,25.18,0,0,6600,,34890,2056
670471,,,G,Callum Tarren,Callum,Tarren,39.94,1.2,34.15,69.52,22.82,0,0,6100,,1074859,670471
